TrumpGen,TrumpAbort,SCGen,SCAbort,BidenGen,BidenAbort,religion,bornagain,CRS1,CRS2,CRS3,CRS4,CRS5,AbortionWrong,AbortionMurder,AbortionRape,AbortionHealth,AbortionDefect,AbortionWant,AbortionAll,AbortionWait,AbortionUltrasound,PolAffiliate,IdeologySocial,IdeologyEconomy,IdeologySecurity,vote2020,Acheck3,abortion_score_5pt,abortion_group
4,4,0,0,4,4,8,0,1,1,1,1,1,1,1,1,1,1,1,1,1,1,7,4,4,4,1,1,2.4234533702677745,pro-life
5,0,0,0,5,0,10,0,3,3,3,2,2,2,2,2,1,2,2,1,2,2,0,0,0,0,0,1,2.4443828870421664,pro-life
0,0,0,0,0,0,1,0,3,3,3,2,1,3,3,6,7,6,6,3,3,3,5,6,5,5,1,1,4.005355493998152,pro-choice
1,1,0,0,2,2,1,0,1,4,2,2,2,4,5,4,5,4,4,4,4,4,4,4,4,4,8,1,3.021175746383502,pro-life
3,2,0,0,1,2,4,0,3,2,4,5,2,5,3,3,4,5,3,1,2,2,3,5,1,3,5,1,2.88341028008618,pro-life
2,1,0,0,3,2,4,0,2,2,2,2,1,2,2,7,7,7,7,7,2,2,6,6,5,6,1,1,4.762757771622036,pro-choice
2,2,0,0,3,4,1,0,2,3,3,2,2,2,2,6,6,4,4,4,4,4,6,6,6,6,1,1,3.723176361957525,pro-choice
2,2,0,0,4,4,1,0,2,3,3,2,2,4,4,4,4,4,4,4,4,4,6,6,6,6,1,1,3.0,pro-life
4,5,0,0,3,4,1,0,2,2,1,1,3,4,7,4,7,2,7,6,7,6,4,4,4,4,8,1,3.067836257309941,pro-life
3,2,0,0,5,4,9,0,5,5,2,1,2,3,3,3,2,1,3,5,7,4,4,2,3,2,8,1,2.4594028931979066,pro-life
1,1,0,0,4,4,9,0,3,2,1,1,1,1,1,7,7,4,7,7,1,4,6,6,5,4,1,1,4.662049861495844,pro-choice
1,1,0,0,1,1,1,0,5,5,2,1,2,1,1,1,1,1,1,1,1,1,1,1,1,1,7,3,2.4234533702677745,pro-life
0,0,0,0,0,0,2,2,3,3,3,2,2,4,4,4,4,4,4,4,4,4,5,6,6,6,1,1,3.0,pro-life
1,1,0,0,4,4,8,0,2,2,1,1,1,2,2,7,7,6,6,6,2,1,6,6,5,4,1,1,4.584241305016927,pro-choice
5,0,4,1,2,3,4,0,4,2,3,5,2,4,4,4,4,4,4,4,4,4,4,3,2,1,6,1,3.0,pro-life
3,3,4,2,3,3,9,0,1,2,1,1,1,1,1,7,7,7,7,7,7,7,5,5,3,4,8,1,4.479224376731301,pro-choice
3,2,2,1,5,5,3,0,3,2,3,1,4,1,2,7,7,7,6,7,1,2,6,6,6,6,8,1,4.795752539242843,pro-choice
3,2,4,2,3,5,1,0,3,4,2,2,3,1,1,7,7,7,7,7,1,4,5,6,2,4,8,1,4.880701754385964,pro-choice
1,1,1,1,2,2,7,0,4,1,1,1,2,1,1,7,7,7,7,7,1,1,4,7,4,3,8,1,4.999999999999998,pro-choice
2,2,4,4,2,2,3,0,3,5,4,2,3,2,2,7,5,5,7,6,7,4,5,4,4,4,8,1,4.025300092336103,pro-choice
3,0,5,5,4,0,9,0,1,1,1,1,1,1,1,7,7,7,7,7,1,1,6,5,4,4,8,1,4.999999999999998,pro-choice
1,1,1,1,1,1,2,2,5,5,5,5,5,4,3,7,7,3,6,5,2,2,4,4,3,4,8,1,4.0440135426285,pro-choice
1,1,3,2,4,3,8,0,4,2,4,2,2,2,1,7,7,4,3,3,2,2,6,7,7,7,8,1,4.047091412742382,pro-choice
1,1,3,1,3,2,6,0,2,2,2,2,2,1,1,7,7,6,7,7,6,4,4,7,6,4,8,4,4.572668513388734,pro-choice
4,3,4,4,3,4,1,0,3,5,5,5,4,4,4,5,5,1,2,3,4,5,2,3,3,4,8,2,2.727423822714681,pro-life
3,3,3,3,3,3,9,0,2,3,2,2,2,3,6,7,7,7,3,6,6,7,4,4,4,4,8,1,3.5865189289012,neutral
4,4,4,3,2,2,3,0,2,3,3,1,2,3,1,7,6,4,3,6,6,7,2,2,2,2,8,1,3.685010772545398,pro-choice
2,2,3,2,4,3,10,0,3,5,5,3,3,3,2,6,7,5,5,4,5,5,6,6,6,6,8,1,3.8290550938750383,pro-choice
0,0,0,0,0,0,4,0,5,3,3,2,4,5,5,5,5,5,5,5,5,5,6,4,4,5,8,5,3.192182209910741,neutral
4,4,3,1,3,4,2,2,3,4,4,3,3,3,4,7,7,6,4,7,4,6,3,3,3,3,8,1,3.962019082794705,pro-choice
1,1,2,2,2,2,1,0,1,3,3,3,1,3,4,5,3,4,4,4,7,5,4,4,4,4,8,1,2.884641428131733,pro-life
1,2,3,1,3,2,9,0,2,2,1,1,1,2,1,7,7,4,4,7,2,2,6,6,3,6,8,1,4.388981224992304,pro-choice
3,2,4,4,2,2,1,0,3,4,3,3,4,4,4,7,7,4,1,2,7,1,2,2,2,1,8,1,3.2409356725146194,neutral
2,2,2,2,2,2,9,0,1,2,1,1,1,2,2,7,7,7,4,1,4,4,5,5,2,3,8,1,3.956478916589719,pro-choice
3,2,3,1,2,2,1,0,3,5,3,2,4,4,2,7,7,5,7,7,5,2,2,2,3,3,8,1,4.344167436134194,pro-choice
3,3,4,3,2,2,1,0,3,5,3,4,3,7,6,4,4,2,1,1,4,5,2,1,2,1,8,1,2.0115112342259156,pro-life
2,1,4,2,3,3,3,0,3,2,3,1,1,1,1,7,7,7,7,7,3,6,6,7,6,6,8,1,4.707109879963064,pro-choice
4,4,3,3,3,3,9,0,2,3,3,2,2,1,2,7,7,7,6,4,6,5,6,5,3,7,8,2,4.244813788858109,pro-choice
2,1,3,1,2,2,8,0,3,2,3,2,2,2,2,7,7,4,6,6,4,2,4,6,2,5,8,1,4.304647583871961,pro-choice
2,2,3,3,2,2,8,0,2,3,2,2,3,2,3,7,6,4,4,2,3,4,4,6,3,2,8,3,3.660018467220682,neutral
2,2,3,3,4,4,3,0,4,2,1,1,2,2,2,7,7,7,6,7,4,6,6,7,6,6,8,5,4.429732225300092,pro-choice
1,1,3,3,1,2,9,0,2,1,1,1,1,3,2,7,7,7,7,7,2,6,4,7,6,5,8,4,4.537827023699599,pro-choice
3,2,3,2,4,4,9,0,2,3,1,1,2,2,2,7,7,2,5,5,3,6,4,4,4,4,8,1,3.901446598953524,pro-choice
3,1,3,1,2,1,1,0,4,3,2,3,4,1,1,7,7,7,7,7,2,5,5,5,3,3,8,1,4.7939058171745135,pro-choice
4,3,5,3,3,3,2,2,2,3,3,4,3,2,2,7,7,6,6,6,2,5,2,3,2,2,8,1,4.425176977531547,pro-choice
5,5,3,3,1,1,8,0,2,2,1,1,2,3,2,7,6,6,7,6,5,5,2,2,2,2,4,1,4.1923668821175735,pro-choice
2,2,2,2,4,4,9,0,2,2,2,1,2,4,1,7,7,7,7,5,4,2,6,6,4,6,8,1,4.490550938750385,pro-choice
3,3,4,4,2,2,1,0,2,2,1,1,1,7,6,5,6,3,2,1,6,6,2,2,2,2,8,1,2.347368421052631,pro-life
2,2,3,2,4,4,9,0,1,2,2,1,2,4,2,7,7,7,7,7,2,2,6,6,6,6,8,1,4.631024930747921,pro-choice
3,3,3,3,2,2,9,0,1,1,1,1,1,4,4,7,7,2,5,3,4,6,3,4,2,3,8,1,3.4225300092336104,neutral
4,3,4,3,2,2,1,0,2,5,3,5,5,5,4,6,6,2,1,1,3,2,3,4,2,3,8,1,2.9010156971375802,pro-life
3,3,4,2,3,3,1,0,2,5,2,3,2,3,3,7,7,5,6,6,3,5,4,4,4,4,8,1,4.154816866728223,pro-choice
1,1,3,1,2,2,8,0,4,3,1,1,2,3,2,7,7,7,7,7,4,5,5,6,5,4,8,3,4.483533394890735,pro-choice
1,1,4,2,2,3,7,0,3,1,1,1,1,1,4,7,7,7,6,6,2,1,7,7,7,7,8,1,4.553831948291781,pro-choice
0,0,0,0,0,0,1,0,3,5,3,5,5,6,6,5,4,4,2,2,4,4,4,4,4,4,8,1,2.5136965220067706,pro-life
2,2,4,3,3,4,1,0,5,5,3,4,1,1,1,7,7,5,6,6,6,3,5,7,5,3,8,1,4.394152046783625,pro-choice
1,1,0,0,3,3,9,0,3,2,1,1,2,1,1,7,7,7,5,1,2,6,5,5,3,4,8,1,4.201354262850107,pro-choice
3,2,3,2,4,3,7,0,3,1,1,1,1,1,1,7,7,7,7,5,5,2,4,5,4,4,8,1,4.641120344721452,pro-choice
5,5,3,3,2,2,1,0,3,5,3,4,4,4,4,5,4,1,4,3,4,5,2,3,1,1,8,2,2.781471221914435,pro-life
1,1,2,1,3,2,1,0,2,3,1,2,3,2,2,7,7,6,2,5,2,3,5,6,3,5,8,3,4.1196060326254225,pro-choice
3,2,3,2,4,3,7,0,2,1,1,1,1,1,1,7,7,7,7,7,5,5,4,5,4,4,8,1,4.6528162511542,pro-choice
5,5,3,3,3,3,1,0,2,4,3,3,4,7,7,6,6,2,2,2,4,4,1,1,1,1,4,1,2.5343798091720524,pro-life
0,0,3,3,0,0,1,0,3,5,3,5,5,6,5,5,5,4,2,2,4,3,4,4,4,4,8,1,2.743798091720529,pro-life
1,1,2,1,3,2,6,0,3,4,3,3,3,1,1,7,6,2,5,5,4,2,5,6,4,6,8,3,4.058171745152354,pro-choice
3,3,3,3,1,1,1,0,2,2,2,1,1,3,4,7,7,4,5,6,4,5,3,3,2,2,8,2,3.8704216682056014,pro-choice
3,3,4,4,2,2,1,0,3,4,3,2,3,4,4,5,5,4,5,4,4,4,2,3,2,2,8,1,3.2910433979686053,neutral
3,3,3,3,3,3,9,0,1,1,1,1,1,3,4,6,6,4,6,5,5,6,4,4,4,4,8,1,3.5868882733148655,neutral
5,5,4,4,2,2,1,0,3,5,4,3,3,5,5,6,5,3,4,4,4,4,2,2,1,2,8,1,3.093197907048322,pro-life
5,5,0,0,1,1,2,3,1,3,2,2,3,4,4,4,4,4,4,4,4,4,3,4,4,4,8,1,3.0,pro-life
2,2,4,4,2,1,2,1,4,5,5,5,3,7,7,2,4,1,1,1,4,2,3,4,1,3,8,1,1.7625730994152047,pro-life
4,3,3,2,2,2,1,0,3,5,4,4,4,2,1,7,7,4,2,5,6,5,2,5,2,2,8,1,3.7907663896583554,pro-choice
1,1,2,2,3,3,9,0,1,1,1,1,1,1,1,7,7,6,7,6,4,1,6,7,4,4,8,5,4.720529393659587,pro-choice
1,1,2,2,2,2,9,0,1,1,1,1,1,1,1,7,7,6,7,6,4,1,6,7,4,4,8,5,4.720529393659587,pro-choice
3,2,2,1,2,2,1,0,2,3,2,2,3,6,5,7,7,6,5,6,4,4,3,4,1,2,8,1,3.7737765466297315,pro-choice
3,3,2,2,2,2,9,0,2,1,2,2,1,1,1,7,7,7,7,7,1,1,4,4,4,4,8,3,4.999999999999998,pro-choice
2,2,3,3,3,3,2,2,2,2,5,1,1,4,3,6,6,4,4,5,2,3,5,5,3,3,8,1,3.706186518928901,pro-choice
3,1,5,2,2,4,2,2,1,2,4,2,1,1,2,7,7,1,7,4,4,1,2,6,2,1,8,1,4.140535549399814,pro-choice
3,4,4,4,2,2,2,2,3,4,4,3,4,7,6,6,5,5,4,2,6,6,2,3,3,3,8,1,2.7180670975684817,pro-life
3,2,3,2,3,2,2,2,2,3,4,3,2,4,4,6,4,5,4,4,4,4,4,4,4,4,8,1,3.2836565096952905,neutral
2,4,2,4,4,3,3,0,3,2,2,2,2,4,7,1,2,1,3,1,2,1,2,2,2,2,8,2,1.936903662665435,pro-life
0,0,4,4,0,0,6,0,3,5,4,2,3,5,5,6,6,4,4,4,5,5,3,3,4,4,8,1,3.185041551246537,neutral
3,2,3,2,3,2,2,2,2,3,3,3,2,4,4,6,4,5,4,4,4,4,4,4,4,4,8,1,3.2836565096952905,neutral
3,2,3,2,3,2,2,2,2,3,2,2,2,4,4,4,4,4,4,4,4,4,4,4,4,4,8,1,3.0,pro-life
4,4,4,4,4,4,1,0,2,4,1,1,2,6,6,6,6,4,4,6,6,6,3,2,2,2,8,1,3.078793474915358,pro-life
4,3,4,3,3,3,2,2,2,3,1,2,3,2,2,7,6,6,6,6,2,2,2,2,2,2,4,1,4.438719606032625,pro-choice
2,2,4,4,2,2,11,0,2,4,4,3,3,3,3,7,6,6,5,2,6,7,4,2,2,2,8,1,3.559433671899045,neutral
1,1,2,1,2,1,2,2,1,2,1,1,1,1,1,7,7,7,7,7,4,4,6,5,5,5,8,5,4.73961218836565,pro-choice
0,0,0,0,0,0,3,0,3,5,3,2,3,2,2,6,6,2,6,6,2,2,4,2,2,2,8,1,4.041797476146506,pro-choice
3,3,4,4,2,2,9,0,1,2,1,1,3,4,4,5,5,5,4,5,5,5,3,3,4,3,8,1,3.262726992920898,neutral
2,2,4,2,3,2,1,0,3,5,4,3,3,5,2,6,6,6,6,6,4,4,5,4,4,2,8,1,3.9621421975992606,pro-choice
2,2,4,4,2,2,9,0,1,1,1,1,2,4,4,4,4,4,4,4,4,4,3,4,4,4,8,1,3.0,pro-life
4,3,2,1,1,1,9,0,3,2,1,3,1,6,5,6,5,4,1,3,4,4,2,2,2,2,8,1,2.7950138504155118,pro-life
3,3,3,3,3,3,7,0,2,1,2,2,1,7,1,7,7,7,7,7,4,7,5,4,3,5,8,5,4.22511542012927,pro-choice
5,5,2,2,1,1,2,3,3,3,2,2,3,4,3,6,6,5,2,2,4,4,3,2,1,3,8,2,3.288950446291166,neutral
3,0,4,0,3,0,1,0,2,3,1,1,2,4,4,7,7,4,1,1,5,7,3,4,3,3,8,1,3.0309018159433667,pro-life
3,2,4,2,3,3,1,0,2,5,3,3,3,5,4,7,6,5,3,1,6,6,4,4,3,3,8,2,3.0847029855340096,pro-life
0,0,4,4,0,0,11,0,2,3,1,2,1,4,3,5,5,4,4,4,4,4,4,4,4,4,8,2,3.2957217605417046,neutral
1,1,1,1,3,3,9,0,2,1,1,1,1,1,1,7,7,7,7,7,1,4,7,7,7,6,8,1,4.880701754385964,pro-choice
1,1,4,2,4,4,3,0,1,3,1,1,2,1,1,7,7,7,7,7,7,1,6,6,6,6,1,2,4.717820867959371,pro-choice
2,2,3,1,3,2,1,0,4,5,3,2,4,2,2,7,6,3,3,3,4,5,3,4,4,4,8,1,3.5705140043090178,neutral
2,2,4,3,2,2,2,3,2,4,3,2,3,6,4,7,6,2,5,6,4,2,4,7,1,3,8,1,3.5405971068020925,neutral
1,1,4,4,1,1,2,2,3,5,2,2,3,6,6,5,6,4,2,2,6,6,3,4,2,3,8,1,2.551615881809787,pro-life
2,2,4,3,2,2,2,1,5,5,5,4,5,3,5,7,6,3,2,3,3,5,3,4,4,2,8,1,3.2180363188673433,neutral
4,3,4,2,3,4,1,0,2,5,3,5,2,7,4,7,7,7,6,7,4,7,2,5,1,2,8,1,3.891474299784549,pro-choice
3,2,3,2,3,2,1,0,1,4,3,5,3,5,6,5,6,4,4,5,4,4,6,4,3,3,1,1,3.147368421052631,pro-life
3,3,5,5,1,1,2,2,2,3,4,3,1,6,6,6,4,1,1,1,6,7,3,4,2,4,4,3,2.0416743613419515,pro-life
2,1,4,1,1,1,1,0,4,4,1,3,4,1,1,7,7,7,7,7,4,4,5,5,4,3,8,1,4.73961218836565,pro-choice
5,5,3,2,1,1,1,0,3,5,4,3,3,7,7,1,1,1,1,7,7,6,2,2,1,3,8,2,1.4327485380116955,pro-life
3,3,4,4,1,1,9,0,1,3,1,1,2,3,3,7,7,6,3,2,6,7,2,3,2,1,8,1,3.5053862726992913,neutral
4,4,5,5,3,4,5,0,3,3,2,2,2,5,4,7,7,3,7,6,6,5,2,3,3,2,8,1,3.731548168667281,pro-choice
2,1,3,2,3,3,9,0,2,1,1,1,1,1,1,7,7,7,7,6,1,1,7,7,5,5,8,1,4.9345029239766065,pro-choice
1,1,4,1,1,1,1,0,3,4,3,3,4,1,1,7,7,7,7,7,4,4,3,5,4,3,8,1,4.73961218836565,pro-choice
3,3,4,4,3,3,1,0,4,5,3,3,4,7,7,4,7,1,2,1,7,7,2,6,2,3,8,1,2.030594028931979,pro-life
2,1,3,2,2,3,1,0,2,4,3,2,3,6,2,7,6,6,6,6,2,6,3,5,2,5,8,1,4.016189596799014,pro-choice
2,3,4,4,1,2,1,0,4,5,4,5,5,6,7,7,7,1,1,1,7,4,3,5,1,3,8,1,2.452016004924592,pro-life
2,1,3,2,3,3,7,0,3,2,2,2,2,2,1,7,7,4,6,7,4,7,6,5,5,4,8,3,4.255894121268081,pro-choice
4,4,4,4,4,4,1,0,2,5,3,3,3,3,4,7,7,2,4,2,5,5,4,4,4,4,8,1,3.3357340720221598,neutral
4,4,4,4,2,2,2,2,3,4,4,3,4,6,6,6,5,4,4,2,6,6,2,3,3,3,8,1,2.7110495537088326,pro-life
2,2,4,2,3,3,1,0,3,5,4,3,3,4,4,6,6,6,6,6,4,4,5,4,4,4,8,1,3.8588488765774076,pro-choice
4,2,3,2,3,4,9,0,3,3,1,1,3,5,2,7,7,1,2,7,6,1,5,6,4,2,8,1,3.579993844259771,neutral
2,1,2,2,3,3,2,3,4,5,5,5,5,5,5,3,3,3,3,6,4,3,6,7,5,5,8,1,2.656386580486303,pro-life
3,2,4,4,3,2,1,0,4,4,5,4,3,6,4,5,7,4,1,1,7,6,3,5,1,2,8,1,2.6341028008618035,pro-life
1,1,3,2,3,3,4,0,3,5,4,5,1,1,1,7,7,7,7,7,4,4,5,7,7,5,8,1,4.73961218836565,pro-choice
1,2,1,1,2,3,6,0,1,2,2,2,1,1,1,7,7,7,6,7,7,7,4,5,3,4,8,1,4.399322868574945,pro-choice
4,4,4,3,2,2,1,0,3,5,3,2,3,7,7,5,6,3,3,4,6,6,1,2,1,2,4,1,2.539181286549707,pro-life
2,2,3,2,4,3,10,0,5,5,5,4,5,4,2,7,6,5,6,5,6,6,6,6,6,6,8,1,3.8214219759926125,pro-choice
1,1,3,2,4,4,8,0,4,2,4,2,2,2,1,7,7,2,3,3,3,1,6,7,7,7,8,1,3.894059710680209,pro-choice
2,2,3,3,4,4,3,0,4,2,1,1,2,2,2,7,7,6,5,6,4,4,6,6,6,6,8,5,4.290981840566328,pro-choice
1,1,1,1,2,2,9,0,2,1,1,1,1,1,1,7,7,7,7,7,1,1,6,4,4,4,8,1,4.999999999999998,pro-choice
2,2,2,1,2,2,2,2,2,3,3,2,2,1,1,7,7,7,7,7,1,1,5,6,4,2,8,1,4.999999999999998,pro-choice
1,1,4,4,4,3,1,0,4,4,4,4,3,5,5,4,4,3,2,2,4,5,4,4,3,3,1,1,2.4461064943059396,pro-life
1,1,3,2,3,2,8,0,3,2,2,2,1,2,2,7,7,7,7,7,3,1,6,7,5,4,8,3,4.755493998153276,pro-choice
3,3,5,5,3,3,2,2,3,3,2,4,3,6,3,6,7,6,6,5,6,6,3,4,2,1,4,2,3.6783625730994145,pro-choice
2,4,2,3,3,4,2,2,2,5,4,3,4,1,1,7,7,7,7,7,7,7,4,3,4,5,8,1,4.479224376731301,pro-choice
0,0,0,0,0,0,9,0,1,2,1,1,1,4,4,1,6,3,4,4,4,4,4,4,4,4,8,1,2.822468451831332,pro-life
3,2,4,3,3,3,9,0,3,1,1,1,1,3,1,7,7,7,6,6,6,2,3,3,3,3,8,1,4.447953216374269,pro-choice
3,3,4,4,2,2,1,0,3,4,3,2,3,4,4,5,5,4,4,4,4,4,2,4,2,2,8,1,3.2111418898122492,neutral
4,4,4,4,4,4,3,0,2,1,3,1,2,2,2,7,7,7,4,6,4,4,4,4,4,4,8,1,4.283964296706678,pro-choice
1,1,3,2,1,1,7,0,4,2,1,1,3,2,1,7,7,7,7,7,1,7,5,5,4,6,8,1,4.695537088334871,pro-choice
3,2,3,2,3,2,2,2,1,5,3,3,2,2,2,6,6,6,7,7,2,2,3,3,3,3,8,1,4.4787319175130795,pro-choice
1,1,0,0,2,2,9,0,2,2,1,1,1,2,1,6,6,6,6,1,6,6,5,5,3,4,8,1,3.74324407510003,pro-choice
2,4,4,3,3,2,11,0,3,5,1,3,3,7,6,2,3,1,1,1,7,7,2,4,3,3,1,1,1.4014773776546625,pro-life
5,5,3,3,1,1,1,0,3,4,2,2,3,6,6,6,6,2,2,2,2,6,3,3,2,3,8,1,2.6993536472760846,pro-life
3,2,4,2,2,1,3,0,3,2,3,2,2,4,4,6,6,2,2,4,4,4,2,3,2,1,8,1,3.1167128347183746,pro-life
5,5,4,4,1,1,1,0,3,4,4,3,2,6,6,4,6,4,1,2,4,4,1,2,2,1,8,2,2.5399199753770385,pro-life
4,4,5,5,3,3,2,2,4,5,3,5,5,6,5,5,6,3,2,3,4,6,2,4,4,4,8,1,2.722868574946137,pro-life
2,3,3,4,2,2,4,0,4,5,5,5,5,5,3,4,6,1,1,2,4,4,4,3,3,3,8,1,2.6408741151123416,pro-life
1,1,4,4,3,3,6,0,1,2,3,2,1,6,4,7,6,4,4,4,4,5,5,6,3,5,8,1,3.3561711295783314,neutral
3,3,3,3,2,2,9,0,1,1,1,1,1,4,4,7,7,3,5,2,4,6,3,4,3,3,8,1,3.4299168975069247,neutral
0,0,0,0,0,0,9,0,1,3,1,1,2,2,4,7,7,2,7,4,5,4,4,4,4,4,8,2,3.8120652508464135,pro-choice
2,2,3,2,2,2,8,0,2,3,1,1,1,3,3,7,7,4,4,2,7,7,3,4,4,4,8,5,3.3924899969221296,neutral
3,2,3,3,3,2,2,2,3,3,2,3,3,5,3,7,6,4,4,5,5,6,4,3,4,3,8,1,3.485318559556786,neutral
0,0,3,3,0,0,10,0,2,3,2,2,2,4,3,5,5,4,3,4,4,4,4,4,4,4,8,3,3.215820252385349,neutral
2,1,0,0,3,2,2,2,2,5,2,2,4,6,6,6,5,3,2,2,6,7,2,3,4,3,8,2,2.4385964912280693,pro-life
4,2,4,4,2,3,2,2,3,4,2,2,3,4,6,7,7,1,1,3,4,7,3,4,2,2,8,2,2.821114188981225,pro-life
2,1,3,1,3,2,2,2,2,3,2,2,2,1,1,7,7,6,6,5,4,2,2,3,2,2,8,1,4.535364727608495,pro-choice
3,3,4,0,3,4,2,2,3,3,3,2,2,3,3,7,7,6,5,5,6,4,4,4,4,4,8,1,3.9809787626962136,pro-choice
1,1,3,1,2,3,2,3,4,5,2,3,3,5,1,7,7,7,7,7,4,7,7,7,4,7,8,1,4.3568482610033845,pro-choice
1,1,3,1,3,4,8,0,2,2,3,2,1,2,2,7,7,5,4,5,5,7,6,6,6,4,8,3,3.9063711911357335,pro-choice
1,1,3,3,1,1,9,0,2,2,2,2,2,1,1,7,7,7,7,1,7,7,4,5,4,4,8,5,4.0862419205909495,pro-choice
2,2,4,2,5,5,11,0,4,3,1,3,2,1,1,7,7,7,7,1,2,7,4,4,2,3,3,1,4.321391197291473,pro-choice
1,1,3,2,4,4,7,0,2,1,1,1,1,1,1,7,7,6,7,6,2,2,7,7,6,5,8,1,4.774823022468451,pro-choice
2,2,4,3,4,4,1,0,3,2,2,2,2,3,2,7,7,4,3,5,5,3,5,6,4,3,8,2,3.846783625730993,pro-choice
0,0,0,0,0,0,1,0,1,3,2,2,1,4,4,4,4,4,4,4,4,4,4,4,4,4,8,3,3.0,pro-life
1,1,1,1,1,1,11,0,1,3,3,1,2,2,1,7,7,4,7,7,5,1,4,4,4,4,8,1,4.527362265312402,pro-choice
3,1,4,3,1,1,1,0,1,1,1,1,1,3,2,7,7,5,6,5,4,4,3,2,2,1,8,2,4.166635887965527,pro-choice
2,2,2,2,3,3,9,0,3,3,1,1,1,1,1,7,7,4,7,4,4,1,5,5,5,5,8,1,4.44376731301939,pro-choice
5,4,4,4,4,4,1,0,3,4,3,2,2,4,4,4,4,4,4,4,4,4,4,4,4,4,8,1,3.0,pro-life
3,2,3,3,3,2,7,0,1,1,1,1,2,4,4,5,5,3,5,4,5,6,2,4,3,3,8,2,3.091597414589104,pro-life
3,3,3,3,3,3,1,0,2,4,1,1,2,4,4,4,4,4,4,4,4,4,2,2,1,2,8,1,3.0,pro-life
3,3,3,3,3,3,9,0,2,2,1,1,2,4,4,4,4,4,4,4,4,4,5,4,4,4,8,1,3.0,pro-life
4,4,4,4,4,4,9,0,2,3,3,2,2,4,4,4,4,4,4,4,4,4,4,4,4,4,8,1,3.0,pro-life
3,4,4,4,3,4,9,0,3,1,1,1,1,3,1,7,7,5,5,7,2,5,4,4,2,5,8,1,4.356602031394274,pro-choice
3,3,3,3,3,3,9,0,2,1,2,2,1,1,1,7,7,7,7,7,1,1,4,4,4,4,8,3,4.999999999999998,pro-choice
2,2,3,3,3,3,9,0,2,1,1,1,1,3,3,7,7,4,6,1,5,3,5,6,5,5,8,1,3.7399199753770387,pro-choice
4,4,3,3,3,3,9,0,2,2,2,2,2,4,4,7,6,4,4,5,6,6,4,4,4,4,8,2,3.4195752539242834,neutral
2,2,4,3,2,2,9,0,2,2,2,2,2,4,2,7,7,7,6,7,5,3,4,4,4,4,8,1,4.370267774699907,pro-choice
2,2,3,2,4,4,8,0,3,2,1,1,1,1,1,7,7,7,7,7,4,3,6,6,5,4,8,1,4.779378270236995,pro-choice
1,0,4,4,1,0,9,0,2,1,1,1,1,1,1,5,7,5,5,5,4,6,4,4,4,4,8,1,4.012742382271468,pro-choice
1,1,3,2,3,3,1,0,4,5,4,5,5,2,2,7,7,6,7,7,5,6,5,4,4,4,8,5,4.389719913819636,pro-choice
1,1,4,2,3,2,1,0,1,5,3,2,2,2,5,7,7,7,7,7,4,4,6,6,6,6,8,2,4.335426285010772,pro-choice
2,2,4,4,3,3,9,0,2,2,2,1,2,1,1,7,7,7,7,6,3,4,4,4,4,4,8,1,4.7211449676823625,pro-choice
2,2,3,2,3,2,9,0,3,3,3,2,2,4,3,6,7,6,5,3,6,6,4,3,5,3,8,5,3.5991997537703906,neutral
4,3,1,2,3,2,2,2,3,4,4,3,3,4,4,7,7,7,5,6,4,6,3,3,2,3,8,1,3.9834410587873186,pro-choice
2,1,4,3,2,2,1,0,3,2,3,3,1,5,6,7,7,2,1,2,6,4,2,2,1,1,8,1,2.787873191751307,pro-life
0,0,0,0,0,0,2,1,4,5,4,5,4,2,2,7,7,7,6,7,6,3,3,4,2,2,3,1,4.454970760233917,pro-choice
3,2,4,4,2,2,1,0,2,5,3,3,3,5,4,7,6,4,4,2,6,5,4,4,3,3,8,2,3.1969836872883954,neutral
0,0,0,0,0,0,9,0,2,3,1,2,2,3,2,7,7,5,6,5,5,5,3,6,3,3,8,2,4.079839950754077,pro-choice
3,2,4,2,4,2,1,0,2,4,3,3,2,2,2,7,6,4,6,6,4,6,4,5,5,4,8,1,4.039827639273621,pro-choice
3,3,4,3,4,3,2,2,3,3,3,2,4,6,4,5,2,6,3,3,4,4,3,6,2,4,8,5,2.7625115420129265,pro-life
1,1,2,2,3,3,3,0,2,3,3,2,2,4,4,7,7,3,4,2,5,4,6,4,5,4,8,1,3.382517697753154,neutral
1,1,2,1,2,2,3,0,3,4,1,3,3,1,1,7,7,7,7,7,1,1,6,6,6,6,8,1,4.999999999999998,pro-choice
4,3,4,4,3,2,2,3,3,4,4,2,3,5,5,4,4,2,2,2,4,4,2,2,2,2,8,1,2.412988611880578,pro-life
1,1,1,1,1,1,11,0,1,1,1,1,1,4,4,7,7,7,7,7,3,2,6,4,5,4,7,1,4.414835333948906,pro-choice
2,2,4,4,2,2,1,0,5,5,5,5,4,7,6,4,5,2,1,2,4,5,3,4,4,4,8,1,2.182763927362265,pro-life
4,3,3,3,1,1,11,0,1,5,3,2,3,4,4,7,4,4,1,4,4,4,2,5,3,3,8,2,3.076454293628809,pro-life
2,1,4,2,1,1,2,1,5,5,5,4,4,7,6,1,4,1,1,1,7,7,4,2,4,4,8,1,1.4018467220683286,pro-life
4,4,5,5,2,3,1,0,3,5,5,5,5,5,4,6,6,1,4,2,3,5,2,1,1,3,8,2,3.0140350877192974,pro-life
3,3,4,3,3,3,9,0,1,1,1,1,1,4,4,6,6,6,6,6,6,6,4,4,4,4,8,1,3.685257002154508,pro-choice
3,4,3,2,3,4,1,0,2,4,4,2,4,4,5,7,7,2,4,4,4,5,5,5,5,5,8,1,3.3633117882425356,neutral
0,0,4,4,0,0,1,0,2,4,1,1,2,4,4,7,7,4,4,1,7,7,3,4,3,3,8,1,3.176546629732225,neutral
4,5,5,3,3,3,1,0,3,4,3,5,2,5,3,6,5,3,5,5,5,5,4,5,4,3,8,1,3.3209602954755306,neutral
3,3,4,3,2,2,2,1,5,5,5,5,4,2,5,4,4,2,1,2,4,4,2,2,2,2,8,4,2.5306863650353955,pro-life
4,1,5,2,2,4,2,2,1,2,4,2,1,2,4,7,7,1,7,7,2,2,2,6,1,1,8,1,4.156294244382885,pro-choice
1,1,2,1,3,3,7,0,4,1,1,1,1,1,1,7,7,7,7,7,1,1,7,7,5,6,8,1,4.999999999999998,pro-choice
2,2,3,3,4,4,1,0,3,3,2,2,2,2,4,7,7,4,6,2,4,6,6,3,5,3,8,1,3.714435210834102,pro-choice
3,3,3,3,3,3,1,0,4,5,3,5,5,6,6,6,6,3,2,2,4,4,4,4,3,4,8,1,2.7577100646352717,pro-life
3,3,2,4,2,3,11,0,1,2,2,3,2,3,4,4,4,3,3,4,4,4,1,4,4,3,3,4,2.9130809479839948,pro-life
4,3,4,4,2,2,2,1,4,5,4,4,5,6,7,7,7,3,5,1,7,7,2,2,2,2,8,1,2.7980917205293934,pro-life
3,1,4,2,4,5,2,3,2,5,3,2,4,1,2,7,7,5,5,6,6,4,5,4,4,4,1,2,4.189904586026469,pro-choice
3,3,3,3,3,3,1,0,1,3,3,3,3,4,4,4,4,4,4,4,4,4,4,3,3,3,8,1,3.0,pro-life
0,0,0,0,0,0,9,0,1,1,1,1,1,7,7,7,7,7,7,7,7,7,7,4,4,4,8,1,3.5765466297322246,neutral
3,3,4,4,2,2,1,0,2,4,3,2,2,4,4,4,4,4,4,4,4,4,2,2,3,3,8,1,3.0,pro-life
1,1,5,5,3,3,9,0,1,1,1,1,1,2,1,7,6,6,7,7,4,4,4,6,3,2,8,1,4.495106186518928,pro-choice
3,2,2,2,3,4,2,2,3,5,3,1,4,2,4,7,7,7,7,7,4,2,6,6,3,4,8,1,4.499538319482917,pro-choice
2,1,4,3,3,4,8,0,3,4,2,2,3,3,2,7,7,6,6,5,4,4,5,6,5,4,8,1,4.239519852262234,pro-choice
4,3,2,3,2,3,1,0,3,5,3,3,4,7,6,5,4,1,1,2,5,6,2,2,2,2,4,1,2.0227146814404433,pro-life
5,3,3,3,2,3,1,0,2,5,3,5,3,6,4,5,5,2,2,1,3,3,3,3,1,4,8,1,2.664142813173284,pro-life
3,3,3,3,3,3,2,1,4,5,5,4,5,4,2,7,6,4,5,2,7,6,3,4,2,2,8,1,3.4251154201292704,neutral
3,2,4,4,3,2,2,3,3,5,5,4,4,5,5,7,7,4,4,2,4,4,3,5,3,3,8,1,3.351985226223453,neutral
3,3,3,3,3,3,2,2,1,4,3,3,3,1,1,7,7,7,7,7,1,4,2,3,2,2,8,1,4.880701754385964,pro-choice
5,5,5,5,5,5,10,0,3,4,2,2,3,6,3,6,6,5,5,3,6,6,4,4,4,4,7,3,3.288827331486611,neutral
2,1,4,4,2,2,2,2,3,4,4,3,3,3,3,6,6,4,5,5,4,5,5,4,5,3,8,1,3.678362573099415,pro-choice
2,1,3,2,4,5,9,0,3,2,1,1,1,2,2,7,7,7,6,7,1,3,6,6,5,5,8,1,4.69012003693444,pro-choice
2,2,4,4,3,2,9,0,2,3,2,1,3,3,2,7,7,5,5,2,7,6,1,4,5,4,8,1,3.669621421975992,neutral
4,4,4,4,4,4,3,0,3,2,3,2,2,4,4,4,4,4,4,4,4,4,2,3,3,3,8,1,3.0,pro-life
2,1,4,3,4,4,2,2,2,2,1,2,2,1,1,7,7,6,6,6,3,3,6,6,4,4,8,1,4.608125577100645,pro-choice
